Metric,Pre-Tuning (Val),Post-Tuning (Val),Pre-Tuning (Test),Post-Tuning (Test),Val_Improvement (%),Test_Improvement (%)
RMSE,0.7694827998831089,0.7528165541777622,0.8434404229095457,0.8453899623049331,2.165902305792727,-0.23114132811684346
MAPE,0.02129921317100525,0.0209516528993845,0.023308411240577698,0.023212675005197525,1.631798643594433,0.410736855429705
R2,0.6099461913108826,0.6266595721244812,0.711435079574585,0.7100995779037476,2.740140204446332,-0.1877194011343929
